timestamp,latency_ms,status_code,anomaly
7/2/2025 8:10,263,200,0
7/2/2025 8:11,287,200,0
7/2/2025 8:12,287,200,0
7/2/2025 8:13,124,200,0
7/2/2025 8:14,,504,1
7/2/2025 8:15,217,200,0
7/2/2025 8:16,256,200,0
7/2/2025 8:17,132,200,0
7/2/2025 8:18,188,200,0
7/2/2025 8:19,193,200,0
7/2/2025 8:20,,0,1
7/2/2025 8:21,284,200,0
7/2/2025 8:22,180,200,0
7/2/2025 8:23,110,200,0
7/2/2025 8:24,184,200,0
7/2/2025 8:25,286,200,0
7/2/2025 8:26,113,200,0
7/2/2025 8:27,111,200,0
7/2/2025 8:28,148,200,0
7/2/2025 8:29,263,200,0
7/2/2025 8:30,231,200,0
7/2/2025 8:31,159,200,0
7/2/2025 8:32,203,200,0
7/2/2025 8:33,193,200,0
7/2/2025 8:34,131,200,0
7/2/2025 8:35,149,200,0
7/2/2025 8:36,173,200,0
7/2/2025 8:37,206,200,0
7/2/2025 8:38,215,200,0
7/2/2025 8:39,218,200,0
7/2/2025 8:40,203,200,0
7/2/2025 8:41,238,200,0
7/2/2025 8:42,188,200,0
7/2/2025 8:43,245,200,0
7/2/2025 8:44,272,200,0
7/2/2025 8:45,249,200,0
7/2/2025 8:46,121,200,0
7/2/2025 8:47,149,200,0
7/2/2025 8:48,247,200,0
7/2/2025 8:49,300,200,0
7/2/2025 8:50,278,200,0
7/2/2025 8:51,168,200,0
7/2/2025 8:52,272,200,0
7/2/2025 8:53,299,200,0
7/2/2025 8:54,258,200,0
7/2/2025 8:55,201,200,0
7/2/2025 8:56,4474,200,1
7/2/2025 8:57,266,200,0
7/2/2025 8:58,108,200,0
7/2/2025 8:59,240,200,0
7/2/2025 9:00,1568,200,1
7/2/2025 9:01,183,200,0
7/2/2025 9:02,257,200,0
7/2/2025 9:03,172,200,0
7/2/2025 9:04,,504,1
7/2/2025 9:05,243,200,0
7/2/2025 9:06,251,200,0
7/2/2025 9:07,157,200,0
7/2/2025 9:08,174,200,0
7/2/2025 9:09,110,200,0
7/2/2025 9:10,196,200,0
7/2/2025 9:11,226,200,0
7/2/2025 9:12,187,200,0
7/2/2025 9:13,104,200,0
7/2/2025 9:14,255,200,0
7/2/2025 9:15,198,200,0
7/2/2025 9:16,269,200,0
7/2/2025 9:17,230,200,0
7/2/2025 9:18,238,200,0
7/2/2025 9:19,234,200,0
7/2/2025 9:20,197,200,0
7/2/2025 9:21,193,200,0
7/2/2025 9:22,271,200,0
7/2/2025 9:23,191,200,0
7/2/2025 9:24,293,200,0
7/2/2025 9:25,245,200,0
7/2/2025 9:26,161,200,0
7/2/2025 9:27,298,200,0
7/2/2025 9:28,168,200,0
7/2/2025 9:29,111,200,0
7/2/2025 9:30,238,200,0
7/2/2025 9:31,198,200,0
7/2/2025 9:32,,504,1
7/2/2025 9:33,250,200,0
7/2/2025 9:34,246,200,0
7/2/2025 9:35,264,200,0
7/2/2025 9:36,101,200,0
7/2/2025 9:37,188,200,0
7/2/2025 9:38,101,200,0
7/2/2025 9:39,117,200,0
7/2/2025 9:40,214,200,0
7/2/2025 9:41,234,200,0
7/2/2025 9:42,208,200,0
7/2/2025 9:43,203,200,0
7/2/2025 9:44,104,200,0
7/2/2025 9:45,286,200,0
7/2/2025 9:46,247,200,0
7/2/2025 9:47,146,200,0
7/2/2025 9:48,261,200,0
7/2/2025 9:49,216,200,0
7/2/2025 9:50,159,200,0
7/2/2025 9:51,154,200,0
7/2/2025 9:52,187,200,0
7/2/2025 9:53,163,200,0
7/2/2025 9:54,221,200,0
7/2/2025 9:55,197,200,0
7/2/2025 9:56,139,200,0
7/2/2025 9:57,181,200,0
7/2/2025 9:58,187,200,0
7/2/2025 9:59,131,200,0
7/2/2025 10:00,146,200,0
7/2/2025 10:01,,503,1
7/2/2025 10:02,206,200,0
7/2/2025 10:03,256,200,0
7/2/2025 10:04,184,200,0
7/2/2025 10:05,185,200,0
7/2/2025 10:06,215,200,0
7/2/2025 10:07,191,200,0
7/2/2025 10:08,223,200,0
7/2/2025 10:09,217,200,0
7/2/2025 10:10,245,200,0
7/2/2025 10:11,259,200,0
7/2/2025 10:12,224,200,0
7/2/2025 10:13,294,200,0
7/2/2025 10:14,,0,1
7/2/2025 10:15,233,200,0
7/2/2025 10:16,290,200,0
7/2/2025 10:17,179,200,0
7/2/2025 10:18,117,200,0
7/2/2025 10:19,132,200,0
7/2/2025 10:20,293,200,0
7/2/2025 10:21,262,200,0
7/2/2025 10:22,206,200,0
7/2/2025 10:23,139,200,0
7/2/2025 10:24,153,200,0
7/2/2025 10:25,195,200,0
7/2/2025 10:26,200,200,0
7/2/2025 10:27,111,200,0
7/2/2025 10:28,134,200,0
7/2/2025 10:29,300,200,0
7/2/2025 10:30,215,200,0
7/2/2025 10:31,178,200,0
7/2/2025 10:32,282,200,0
7/2/2025 10:33,135,200,0
7/2/2025 10:34,119,200,0
7/2/2025 10:35,2930,200,1
7/2/2025 10:36,284,200,0
7/2/2025 10:37,132,200,0
7/2/2025 10:38,262,200,0
7/2/2025 10:39,156,200,0
7/2/2025 10:40,224,200,0
7/2/2025 10:41,227,200,0
7/2/2025 10:42,224,200,0
7/2/2025 10:43,182,200,0
7/2/2025 10:44,131,200,0
7/2/2025 10:45,205,200,0
7/2/2025 10:46,184,200,0
7/2/2025 10:47,133,200,0
7/2/2025 10:48,143,200,0
7/2/2025 10:49,207,200,0
7/2/2025 10:50,296,200,0
7/2/2025 10:51,156,200,0
7/2/2025 10:52,143,200,0
7/2/2025 10:53,236,200,0
7/2/2025 10:54,267,200,0
7/2/2025 10:55,227,200,0
7/2/2025 10:56,275,200,0
7/2/2025 10:57,215,200,0
7/2/2025 10:58,,0,1
7/2/2025 10:59,207,200,0
7/2/2025 11:00,202,200,0
7/2/2025 11:01,214,200,0
7/2/2025 11:02,112,200,0
7/2/2025 11:03,287,200,0
7/2/2025 11:04,235,200,0
7/2/2025 11:05,142,200,0
7/2/2025 11:06,206,200,0
7/2/2025 11:07,211,200,0
7/2/2025 11:08,119,200,0
7/2/2025 11:09,1536,200,1
7/2/2025 11:10,119,200,0
7/2/2025 11:11,276,200,0
7/2/2025 11:12,253,200,0
7/2/2025 11:13,193,200,0
7/2/2025 11:14,139,200,0
7/2/2025 11:15,257,200,0
7/2/2025 11:16,223,200,0
7/2/2025 11:17,233,200,0
7/2/2025 11:18,116,200,0
7/2/2025 11:19,295,200,0
7/2/2025 11:20,186,200,0
7/2/2025 11:21,119,200,0
7/2/2025 11:22,276,200,0
7/2/2025 11:23,260,200,0
7/2/2025 11:24,136,200,0
7/2/2025 11:25,285,200,0
7/2/2025 11:26,140,200,0
7/2/2025 11:27,169,200,0
7/2/2025 11:28,117,200,0
7/2/2025 11:29,234,200,0
7/2/2025 11:30,289,200,0
7/2/2025 11:31,222,200,0
7/2/2025 11:32,217,200,0
7/2/2025 11:33,231,200,0
7/2/2025 11:34,197,200,0
7/2/2025 11:35,151,200,0
7/2/2025 11:36,139,200,0
7/2/2025 11:37,103,200,0
7/2/2025 11:38,115,200,0
7/2/2025 11:39,117,200,0
7/2/2025 11:40,235,200,0
7/2/2025 11:41,240,200,0
7/2/2025 11:42,153,200,0
7/2/2025 11:43,103,200,0
7/2/2025 11:44,104,200,0
7/2/2025 11:45,145,200,0
7/2/2025 11:46,243,200,0
7/2/2025 11:47,261,200,0
7/2/2025 11:48,186,200,0
7/2/2025 11:49,227,200,0
7/2/2025 11:50,253,200,0
7/2/2025 11:51,,503,1
7/2/2025 11:52,210,200,0
7/2/2025 11:53,218,200,0
7/2/2025 11:54,147,200,0
7/2/2025 11:55,131,200,0
7/2/2025 11:56,137,200,0
7/2/2025 11:57,278,200,0
7/2/2025 11:58,283,200,0
7/2/2025 11:59,169,200,0
7/2/2025 12:00,144,200,0
7/2/2025 12:01,188,200,0
7/2/2025 12:02,136,200,0
7/2/2025 12:03,124,200,0
7/2/2025 12:04,196,200,0
7/2/2025 12:05,107,200,0
7/2/2025 12:06,264,200,0
7/2/2025 12:07,275,200,0
7/2/2025 12:08,195,200,0
7/2/2025 12:09,131,200,0
7/2/2025 12:10,279,200,0
7/2/2025 12:11,148,200,0
7/2/2025 12:12,189,200,0
7/2/2025 12:13,206,200,0
7/2/2025 12:14,276,200,0
7/2/2025 12:15,251,200,0
7/2/2025 12:16,139,200,0
7/2/2025 12:17,225,200,0
7/2/2025 12:18,174,200,0
7/2/2025 12:19,160,200,0
7/2/2025 12:20,128,200,0
7/2/2025 12:21,125,200,0
7/2/2025 12:22,106,200,0
7/2/2025 12:23,256,200,0
7/2/2025 12:24,206,200,0
7/2/2025 12:25,190,200,0
7/2/2025 12:26,229,200,0
7/2/2025 12:27,219,200,0
7/2/2025 12:28,152,200,0
7/2/2025 12:29,214,200,0
7/2/2025 12:30,187,200,0
7/2/2025 12:31,118,200,0
7/2/2025 12:32,280,200,0
7/2/2025 12:33,237,200,0
7/2/2025 12:34,190,200,0
7/2/2025 12:35,192,200,0
7/2/2025 12:36,196,200,0
7/2/2025 12:37,193,200,0
7/2/2025 12:38,203,200,0
7/2/2025 12:39,184,200,0
7/2/2025 12:40,152,200,0
7/2/2025 12:41,4223,200,1
7/2/2025 12:42,161,200,0
7/2/2025 12:43,264,200,0
7/2/2025 12:44,146,200,0
7/2/2025 12:45,138,200,0
7/2/2025 12:46,284,200,0
7/2/2025 12:47,148,200,0
7/2/2025 12:48,281,200,0
7/2/2025 12:49,156,200,0
7/2/2025 12:50,296,200,0
7/2/2025 12:51,152,200,0
7/2/2025 12:52,,504,1
7/2/2025 12:53,112,200,0
7/2/2025 12:54,264,200,0
7/2/2025 12:55,196,200,0
7/2/2025 12:56,238,200,0
7/2/2025 12:57,194,200,0
7/2/2025 12:58,237,200,0
7/2/2025 12:59,186,200,0
7/2/2025 13:00,186,200,0
7/2/2025 13:01,122,200,0
7/2/2025 13:02,260,200,0
7/2/2025 13:03,257,200,0
7/2/2025 13:04,2191,200,1
7/2/2025 13:05,183,200,0
7/2/2025 13:06,104,200,0
7/2/2025 13:07,126,200,0
7/2/2025 13:08,238,200,0
7/2/2025 13:09,123,200,0
7/2/2025 13:10,205,200,0
7/2/2025 13:11,185,200,0
7/2/2025 13:12,281,200,0
7/2/2025 13:13,192,200,0
7/2/2025 13:14,241,200,0
7/2/2025 13:15,231,200,0
7/2/2025 13:16,157,200,0
7/2/2025 13:17,143,200,0
7/2/2025 13:18,132,200,0
7/2/2025 13:19,269,200,0
7/2/2025 13:20,119,200,0
7/2/2025 13:21,196,200,0
7/2/2025 13:22,198,200,0
7/2/2025 13:23,153,200,0
7/2/2025 13:24,202,200,0
7/2/2025 13:25,143,200,0
7/2/2025 13:26,234,200,0
7/2/2025 13:27,205,200,0
7/2/2025 13:28,113,200,0
7/2/2025 13:29,299,200,0
7/2/2025 13:30,158,200,0
7/2/2025 13:31,142,200,0
7/2/2025 13:32,286,200,0
7/2/2025 13:33,294,200,0
7/2/2025 13:34,145,200,0
7/2/2025 13:35,274,200,0
7/2/2025 13:36,214,200,0
7/2/2025 13:37,216,200,0
7/2/2025 13:38,,503,1
7/2/2025 13:39,113,200,0
7/2/2025 13:40,167,200,0
7/2/2025 13:41,291,200,0
7/2/2025 13:42,246,200,0
7/2/2025 13:43,258,200,0
7/2/2025 13:44,257,200,0
7/2/2025 13:45,280,200,0
7/2/2025 13:46,124,200,0
7/2/2025 13:47,203,200,0
7/2/2025 13:48,,0,1
7/2/2025 13:49,4440,200,1
7/2/2025 13:50,226,200,0
7/2/2025 13:51,154,200,0
7/2/2025 13:52,278,200,0
7/2/2025 13:53,267,200,0
7/2/2025 13:54,190,200,0
7/2/2025 13:55,151,200,0
7/2/2025 13:56,240,200,0
7/2/2025 13:57,189,200,0
7/2/2025 13:58,175,200,0
7/2/2025 13:59,268,200,0
7/2/2025 14:00,146,200,0
7/2/2025 14:01,208,200,0
7/2/2025 14:02,129,200,0
7/2/2025 14:03,158,200,0
7/2/2025 14:04,123,200,0
7/2/2025 14:05,118,200,0
7/2/2025 14:06,101,200,0
7/2/2025 14:07,185,200,0
7/2/2025 14:08,267,200,0
7/2/2025 14:09,153,200,0
7/2/2025 14:10,270,200,0
7/2/2025 14:11,151,200,0
7/2/2025 14:12,275,200,0
7/2/2025 14:13,140,200,0
7/2/2025 14:14,288,200,0
7/2/2025 14:15,226,200,0
7/2/2025 14:16,205,200,0
7/2/2025 14:17,272,200,0
7/2/2025 14:18,,504,1
7/2/2025 14:19,156,200,0
7/2/2025 14:20,244,200,0
7/2/2025 14:21,235,200,0
7/2/2025 14:22,139,200,0
7/2/2025 14:23,131,200,0
7/2/2025 14:24,209,200,0
7/2/2025 14:25,201,200,0
7/2/2025 14:26,279,200,0
7/2/2025 14:27,146,200,0
7/2/2025 14:28,192,200,0
7/2/2025 14:29,106,200,0
7/2/2025 14:30,200,200,0
7/2/2025 14:31,129,200,0
7/2/2025 14:32,104,200,0
7/2/2025 14:33,198,200,0
7/2/2025 14:34,246,200,0
7/2/2025 14:35,214,200,0
7/2/2025 14:36,161,200,0
7/2/2025 14:37,197,200,0
7/2/2025 14:38,198,200,0
7/2/2025 14:39,204,200,0
7/2/2025 14:40,246,200,0
7/2/2025 14:41,100,200,0
7/2/2025 14:42,170,200,0
7/2/2025 14:43,173,200,0
7/2/2025 14:44,214,200,0
7/2/2025 14:45,172,200,0
7/2/2025 14:46,201,200,0
7/2/2025 14:47,220,200,0
7/2/2025 14:48,244,200,0
7/2/2025 14:49,1485,200,1
7/2/2025 14:50,173,200,0
7/2/2025 14:51,203,200,0
7/2/2025 14:52,146,200,0
7/2/2025 14:53,171,200,0
7/2/2025 14:54,179,200,0
7/2/2025 14:55,132,200,0
7/2/2025 14:56,217,200,0
7/2/2025 14:57,177,200,0
7/2/2025 14:58,287,200,0
7/2/2025 14:59,295,200,0
7/2/2025 15:00,245,200,0
7/2/2025 15:01,214,200,0
7/2/2025 15:02,194,200,0
7/2/2025 15:03,221,200,0
7/2/2025 15:04,134,200,0
7/2/2025 15:05,177,200,0
7/2/2025 15:06,278,200,0
7/2/2025 15:07,274,200,0
7/2/2025 15:08,228,200,0
7/2/2025 15:09,244,200,0
7/2/2025 15:10,155,200,0
7/2/2025 15:11,188,200,0
7/2/2025 15:12,205,200,0
7/2/2025 15:13,191,200,0
7/2/2025 15:14,206,200,0
7/2/2025 15:15,237,200,0
7/2/2025 15:16,222,200,0
7/2/2025 15:17,155,200,0
7/2/2025 15:18,260,200,0
7/2/2025 15:19,100,200,0
7/2/2025 15:20,235,200,0
7/2/2025 15:21,239,200,0
7/2/2025 15:22,224,200,0
7/2/2025 15:23,178,200,0
7/2/2025 15:24,218,200,0
7/2/2025 15:25,117,200,0
7/2/2025 15:26,138,200,0
7/2/2025 15:27,264,200,0
7/2/2025 15:28,279,200,0
7/2/2025 15:29,215,200,0
7/2/2025 15:30,290,200,0
7/2/2025 15:31,298,200,0
7/2/2025 15:32,224,200,0
7/2/2025 15:33,114,200,0
7/2/2025 15:34,143,200,0
7/2/2025 15:35,150,200,0
7/2/2025 15:36,130,200,0
7/2/2025 15:37,183,200,0
7/2/2025 15:38,187,200,0
7/2/2025 15:39,178,200,0
7/2/2025 15:40,219,200,0
7/2/2025 15:41,245,200,0
7/2/2025 15:42,281,200,0
7/2/2025 15:43,192,200,0
7/2/2025 15:44,171,200,0
7/2/2025 15:45,238,200,0
7/2/2025 15:46,202,200,0
7/2/2025 15:47,286,200,0
7/2/2025 15:48,106,200,0
7/2/2025 15:49,4436,200,1
7/2/2025 15:50,243,200,0
7/2/2025 15:51,,504,1
7/2/2025 15:52,284,200,0
7/2/2025 15:53,125,200,0
7/2/2025 15:54,257,200,0
7/2/2025 15:55,286,200,0
7/2/2025 15:56,279,200,0
7/2/2025 15:57,164,200,0
7/2/2025 15:58,165,200,0
7/2/2025 15:59,236,200,0
7/2/2025 16:00,164,200,0
7/2/2025 16:01,163,200,0
7/2/2025 16:02,181,200,0
7/2/2025 16:03,205,200,0
7/2/2025 16:04,247,200,0
7/2/2025 16:05,154,200,0
7/2/2025 16:06,117,200,0
7/2/2025 16:07,181,200,0
7/2/2025 16:08,249,200,0
7/2/2025 16:09,102,200,0
7/2/2025 16:10,256,200,0
7/2/2025 16:11,266,200,0
7/2/2025 16:12,257,200,0
7/2/2025 16:13,151,200,0
7/2/2025 16:14,146,200,0
7/2/2025 16:15,125,200,0
7/2/2025 16:16,139,200,0
7/2/2025 16:17,158,200,0
7/2/2025 16:18,188,200,0
7/2/2025 16:19,187,200,0
7/2/2025 16:20,298,200,0
7/2/2025 16:21,134,200,0
7/2/2025 16:22,280,200,0
7/2/2025 16:23,198,200,0
7/2/2025 16:24,150,200,0
7/2/2025 16:25,285,200,0
7/2/2025 16:26,288,200,0
7/2/2025 16:27,112,200,0
7/2/2025 16:28,298,200,0
7/2/2025 16:29,175,200,0
7/2/2025 16:30,247,200,0
7/2/2025 16:31,137,200,0
7/2/2025 16:32,129,200,0
7/2/2025 16:33,186,200,0
7/2/2025 16:34,265,200,0
7/2/2025 16:35,255,200,0
7/2/2025 16:36,136,200,0
7/2/2025 16:37,103,200,0
7/2/2025 16:38,130,200,0
7/2/2025 16:39,218,200,0
7/2/2025 16:40,155,200,0
7/2/2025 16:41,212,200,0
7/2/2025 16:42,101,200,0
7/2/2025 16:43,273,200,0
7/2/2025 16:44,186,200,0
7/2/2025 16:45,161,200,0
7/2/2025 16:46,189,200,0
7/2/2025 16:47,236,200,0
7/2/2025 16:48,275,200,0
7/2/2025 16:49,238,200,0
7/2/2025 16:50,186,200,0
7/2/2025 16:51,176,200,0
7/2/2025 16:52,202,200,0
7/2/2025 16:53,115,200,0
7/2/2025 16:54,113,200,0
7/2/2025 16:55,236,200,0
7/2/2025 16:56,266,200,0
7/2/2025 16:57,242,200,0
7/2/2025 16:58,141,200,0
7/2/2025 16:59,293,200,0
7/2/2025 17:00,289,200,0
7/2/2025 17:01,267,200,0
7/2/2025 17:02,276,200,0
7/2/2025 17:03,234,200,0
7/2/2025 17:04,121,200,0
7/2/2025 17:05,151,200,0
7/2/2025 17:06,205,200,0
7/2/2025 17:07,286,200,0
7/2/2025 17:08,3139,200,1
7/2/2025 17:09,181,200,0
7/2/2025 17:10,167,200,0
7/2/2025 17:11,122,200,0
7/2/2025 17:12,146,200,0
7/2/2025 17:13,1830,200,1
7/2/2025 17:14,213,200,0
7/2/2025 17:15,101,200,0
7/2/2025 17:16,210,200,0
7/2/2025 17:17,275,200,0
7/2/2025 17:18,296,200,0
7/2/2025 17:19,225,200,0
7/2/2025 17:20,138,200,0
7/2/2025 17:21,181,200,0
7/2/2025 17:22,1295,200,1
7/2/2025 17:23,107,200,0
7/2/2025 17:24,278,200,0
7/2/2025 17:25,205,200,0
7/2/2025 17:26,177,200,0
7/2/2025 17:27,184,200,0
7/2/2025 17:28,290,200,0
7/2/2025 17:29,159,200,0
7/2/2025 17:30,162,200,0
7/2/2025 17:31,232,200,0
7/2/2025 17:32,117,200,0
7/2/2025 17:33,231,200,0
7/2/2025 17:34,296,200,0
7/2/2025 17:35,143,200,0
7/2/2025 17:36,259,200,0
7/2/2025 17:37,102,200,0
7/2/2025 17:38,262,200,0
7/2/2025 17:39,231,200,0
7/2/2025 17:40,272,200,0
7/2/2025 17:41,233,200,0
7/2/2025 17:42,124,200,0
7/2/2025 17:43,245,200,0
7/2/2025 17:44,209,200,0
7/2/2025 17:45,297,200,0
7/2/2025 17:46,223,200,0
7/2/2025 17:47,204,200,0
7/2/2025 17:48,233,200,0
7/2/2025 17:49,219,200,0
7/2/2025 17:50,237,200,0
7/2/2025 17:51,244,200,0
7/2/2025 17:52,115,200,0
7/2/2025 17:53,133,200,0
7/2/2025 17:54,,503,1
7/2/2025 17:55,255,200,0
7/2/2025 17:56,236,200,0
7/2/2025 17:57,127,200,0
7/2/2025 17:58,102,200,0
7/2/2025 17:59,117,200,0
7/2/2025 18:00,129,200,0
7/2/2025 18:01,286,200,0
7/2/2025 18:02,142,200,0
7/2/2025 18:03,156,200,0
7/2/2025 18:04,142,200,0
7/2/2025 18:05,239,200,0
7/2/2025 18:06,201,200,0
7/2/2025 18:07,142,200,0
7/2/2025 18:08,109,200,0
7/2/2025 18:09,223,200,0
7/2/2025 18:10,186,200,0
7/2/2025 18:11,128,200,0
7/2/2025 18:12,149,200,0
7/2/2025 18:13,103,200,0
7/2/2025 18:14,266,200,0
7/2/2025 18:15,169,200,0
7/2/2025 18:16,128,200,0
7/2/2025 18:17,222,200,0
7/2/2025 18:18,253,200,0
7/2/2025 18:19,220,200,0
7/2/2025 18:20,251,200,0
7/2/2025 18:21,138,200,0
7/2/2025 18:22,230,200,0
7/2/2025 18:23,128,200,0
7/2/2025 18:24,154,200,0
7/2/2025 18:25,110,200,0
7/2/2025 18:26,199,200,0
7/2/2025 18:27,280,200,0
7/2/2025 18:28,121,200,0
7/2/2025 18:29,172,200,0
7/2/2025 18:30,228,200,0
7/2/2025 18:31,,504,1
7/2/2025 18:32,135,200,0
7/2/2025 18:33,195,200,0
7/2/2025 18:34,169,200,0
7/2/2025 18:35,109,200,0
7/2/2025 18:36,166,200,0
7/2/2025 18:37,179,200,0
7/2/2025 18:38,112,200,0
7/2/2025 18:39,203,200,0
7/2/2025 18:40,210,200,0
7/2/2025 18:41,138,200,0
7/2/2025 18:42,229,200,0
7/2/2025 18:43,269,200,0
7/2/2025 18:44,231,200,0
7/2/2025 18:45,257,200,0
7/2/2025 18:46,142,200,0
7/2/2025 18:47,270,200,0
7/2/2025 18:48,186,200,0
7/2/2025 18:49,210,200,0
7/2/2025 18:50,223,200,0
7/2/2025 18:51,117,200,0
7/2/2025 18:52,196,200,0
7/2/2025 18:53,152,200,0
7/2/2025 18:54,254,200,0
7/2/2025 18:55,196,200,0
7/2/2025 18:56,166,200,0
7/2/2025 18:57,235,200,0
7/2/2025 18:58,203,200,0
7/2/2025 18:59,108,200,0
7/2/2025 19:00,118,200,0
7/2/2025 19:01,205,200,0
7/2/2025 19:02,290,200,0
7/2/2025 19:03,,503,1
7/2/2025 19:04,238,200,0
7/2/2025 19:05,189,200,0
7/2/2025 19:06,173,200,0
7/2/2025 19:07,192,200,0
7/2/2025 19:08,208,200,0
7/2/2025 19:09,297,200,0
7/2/2025 19:10,156,200,0
7/2/2025 19:11,136,200,0
7/2/2025 19:12,245,200,0
7/2/2025 19:13,282,200,0
7/2/2025 19:14,274,200,0
7/2/2025 19:15,204,200,0
7/2/2025 19:16,160,200,0
7/2/2025 19:17,296,200,0
7/2/2025 19:18,153,200,0
7/2/2025 19:19,187,200,0
7/2/2025 19:20,112,200,0
7/2/2025 19:21,116,200,0
7/2/2025 19:22,267,200,0
7/2/2025 19:23,273,200,0
7/2/2025 19:24,260,200,0
7/2/2025 19:25,223,200,0
7/2/2025 19:26,106,200,0
7/2/2025 19:27,202,200,0
7/2/2025 19:28,171,200,0
7/2/2025 19:29,249,200,0
7/2/2025 19:30,128,200,0
7/2/2025 19:31,271,200,0
7/2/2025 19:32,190,200,0
7/2/2025 19:33,169,200,0
7/2/2025 19:34,211,200,0
7/2/2025 19:35,172,200,0
7/2/2025 19:36,137,200,0
7/2/2025 19:37,289,200,0
7/2/2025 19:38,171,200,0
7/2/2025 19:39,241,200,0
7/2/2025 19:40,132,200,0
7/2/2025 19:41,134,200,0
7/2/2025 19:42,159,200,0
7/2/2025 19:43,188,200,0
7/2/2025 19:44,243,200,0
7/2/2025 19:45,226,200,0
7/2/2025 19:46,134,200,0
7/2/2025 19:47,269,200,0
7/2/2025 19:48,149,200,0
7/2/2025 19:49,187,200,0
7/2/2025 19:50,139,200,0
7/2/2025 19:51,135,200,0
7/2/2025 19:52,229,200,0
7/2/2025 19:53,232,200,0
7/2/2025 19:54,147,200,0
7/2/2025 19:55,106,200,0
7/2/2025 19:56,297,200,0
7/2/2025 19:57,193,200,0
7/2/2025 19:58,257,200,0
7/2/2025 19:59,244,200,0
7/2/2025 20:00,120,200,0
7/2/2025 20:01,138,200,0
7/2/2025 20:02,246,200,0
7/2/2025 20:03,119,200,0
7/2/2025 20:04,145,200,0
7/2/2025 20:05,,504,1
7/2/2025 20:06,144,200,0
7/2/2025 20:07,101,200,0
7/2/2025 20:08,286,200,0
7/2/2025 20:09,167,200,0
7/2/2025 20:10,194,200,0
7/2/2025 20:11,133,200,0
7/2/2025 20:12,123,200,0
7/2/2025 20:13,221,200,0
7/2/2025 20:14,129,200,0
7/2/2025 20:15,121,200,0
7/2/2025 20:16,100,200,0
7/2/2025 20:17,,0,1
7/2/2025 20:18,160,200,0
7/2/2025 20:19,243,200,0
7/2/2025 20:20,202,200,0
7/2/2025 20:21,153,200,0
7/2/2025 20:22,224,200,0
7/2/2025 20:23,200,200,0
7/2/2025 20:24,108,200,0
7/2/2025 20:25,235,200,0
7/2/2025 20:26,2840,200,1
7/2/2025 20:27,180,200,0
7/2/2025 20:28,300,200,0
7/2/2025 20:29,227,200,0
7/2/2025 20:30,298,200,0
7/2/2025 20:31,274,200,0
7/2/2025 20:32,125,200,0
7/2/2025 20:33,180,200,0
7/2/2025 20:34,273,200,0
7/2/2025 20:35,160,200,0
7/2/2025 20:36,212,200,0
7/2/2025 20:37,230,200,0
7/2/2025 20:38,218,200,0
7/2/2025 20:39,209,200,0
7/2/2025 20:40,286,200,0
7/2/2025 20:41,202,200,0
7/2/2025 20:42,298,200,0
7/2/2025 20:43,122,200,0
7/2/2025 20:44,151,200,0
7/2/2025 20:45,168,200,0
7/2/2025 20:46,169,200,0
7/2/2025 20:47,206,200,0
7/2/2025 20:48,102,200,0
7/2/2025 20:49,105,200,0
7/2/2025 20:50,258,200,0
7/2/2025 20:51,180,200,0
7/2/2025 20:52,206,200,0
7/2/2025 20:53,153,200,0
7/2/2025 20:54,4816,200,1
7/2/2025 20:55,232,200,0
7/2/2025 20:56,254,200,0
7/2/2025 20:57,258,200,0
7/2/2025 20:58,206,200,0
7/2/2025 20:59,203,200,0
7/2/2025 21:00,116,200,0
7/2/2025 21:01,199,200,0
7/2/2025 21:02,181,200,0
7/2/2025 21:03,213,200,0
7/2/2025 21:04,272,200,0
7/2/2025 21:05,266,200,0
7/2/2025 21:06,262,200,0
7/2/2025 21:07,225,200,0
7/2/2025 21:08,137,200,0
7/2/2025 21:09,216,200,0
7/2/2025 21:10,213,200,0
7/2/2025 21:11,166,200,0
7/2/2025 21:12,1551,200,1
7/2/2025 21:13,181,200,0
7/2/2025 21:14,153,200,0
7/2/2025 21:15,205,200,0
7/2/2025 21:16,103,200,0
7/2/2025 21:17,195,200,0
7/2/2025 21:18,135,200,0
7/2/2025 21:19,276,200,0
7/2/2025 21:20,231,200,0
7/2/2025 21:21,274,200,0
7/2/2025 21:22,206,200,0
7/2/2025 21:23,153,200,0
7/2/2025 21:24,171,200,0
7/2/2025 21:25,207,200,0
7/2/2025 21:26,174,200,0
7/2/2025 21:27,1062,200,1
7/2/2025 21:28,146,200,0
7/2/2025 21:29,106,200,0
7/2/2025 21:30,175,200,0
7/2/2025 21:31,157,200,0
7/2/2025 21:32,169,200,0
7/2/2025 21:33,3285,200,1
7/2/2025 21:34,168,200,0
7/2/2025 21:35,253,200,0
7/2/2025 21:36,124,200,0
7/2/2025 21:37,222,200,0
7/2/2025 21:38,193,200,0
7/2/2025 21:39,289,200,0
7/2/2025 21:40,258,200,0
7/2/2025 21:41,177,200,0
7/2/2025 21:42,200,200,0
7/2/2025 21:43,186,200,0
7/2/2025 21:44,247,200,0
7/2/2025 21:45,196,200,0
7/2/2025 21:46,244,200,0
7/2/2025 21:47,236,200,0
7/2/2025 21:48,146,200,0
7/2/2025 21:49,157,200,0
7/2/2025 21:50,,0,1
7/2/2025 21:51,119,200,0
7/2/2025 21:52,235,200,0
7/2/2025 21:53,230,200,0
7/2/2025 21:54,288,200,0
7/2/2025 21:55,210,200,0
7/2/2025 21:56,253,200,0
7/2/2025 21:57,161,200,0
7/2/2025 21:58,246,200,0
7/2/2025 21:59,254,200,0
7/2/2025 22:00,211,200,0
7/2/2025 22:01,119,200,0
7/2/2025 22:02,127,200,0
7/2/2025 22:03,291,200,0
7/2/2025 22:04,138,200,0
7/2/2025 22:05,212,200,0
7/2/2025 22:06,195,200,0
7/2/2025 22:07,280,200,0
7/2/2025 22:08,176,200,0
7/2/2025 22:09,221,200,0
7/2/2025 22:10,297,200,0
7/2/2025 22:11,128,200,0
7/2/2025 22:12,224,200,0
7/2/2025 22:13,266,200,0
7/2/2025 22:14,184,200,0
7/2/2025 22:15,101,200,0
7/2/2025 22:16,144,200,0
7/2/2025 22:17,173,200,0
7/2/2025 22:18,208,200,0
7/2/2025 22:19,233,200,0
7/2/2025 22:20,250,200,0
7/2/2025 22:21,142,200,0
7/2/2025 22:22,175,200,0
7/2/2025 22:23,201,200,0
7/2/2025 22:24,128,200,0
7/2/2025 22:25,265,200,0
7/2/2025 22:26,248,200,0
7/2/2025 22:27,240,200,0
7/2/2025 22:28,169,200,0
7/2/2025 22:29,250,200,0
7/2/2025 22:30,,0,1
7/2/2025 22:31,243,200,0
7/2/2025 22:32,289,200,0
7/2/2025 22:33,300,200,0
7/2/2025 22:34,122,200,0
7/2/2025 22:35,257,200,0
7/2/2025 22:36,172,200,0
7/2/2025 22:37,289,200,0
7/2/2025 22:38,130,200,0
7/2/2025 22:39,168,200,0
7/2/2025 22:40,139,200,0
7/2/2025 22:41,290,200,0
7/2/2025 22:42,158,200,0
7/2/2025 22:43,224,200,0
7/2/2025 22:44,131,200,0
7/2/2025 22:45,179,200,0
7/2/2025 22:46,133,200,0
7/2/2025 22:47,251,200,0
7/2/2025 22:48,230,200,0
7/2/2025 22:49,4376,200,1
7/2/2025 22:50,130,200,0
7/2/2025 22:51,137,200,0
7/2/2025 22:52,124,200,0
7/2/2025 22:53,149,200,0
7/2/2025 22:54,152,200,0
7/2/2025 22:55,111,200,0
7/2/2025 22:56,108,200,0
7/2/2025 22:57,100,200,0
7/2/2025 22:58,122,200,0
7/2/2025 22:59,200,200,0
7/2/2025 23:00,266,200,0
7/2/2025 23:01,248,200,0
7/2/2025 23:02,262,200,0
7/2/2025 23:03,127,200,0
7/2/2025 23:04,181,200,0
7/2/2025 23:05,206,200,0
7/2/2025 23:06,132,200,0
7/2/2025 23:07,287,200,0
7/2/2025 23:08,147,200,0
7/2/2025 23:09,125,200,0
7/2/2025 23:10,278,200,0
7/2/2025 23:11,249,200,0
7/2/2025 23:12,145,200,0
7/2/2025 23:13,247,200,0
7/2/2025 23:14,270,200,0
7/2/2025 23:15,199,200,0
7/2/2025 23:16,153,200,0
7/2/2025 23:17,182,200,0
7/2/2025 23:18,263,200,0
7/2/2025 23:19,181,200,0
7/2/2025 23:20,205,200,0
7/2/2025 23:21,,503,1
7/2/2025 23:22,270,200,0
7/2/2025 23:23,151,200,0
7/2/2025 23:24,284,200,0
7/2/2025 23:25,160,200,0
7/2/2025 23:26,300,200,0
7/2/2025 23:27,266,200,0
7/2/2025 23:28,236,200,0
7/2/2025 23:29,208,200,0
7/2/2025 23:30,136,200,0
7/2/2025 23:31,1069,200,1
7/2/2025 23:32,131,200,0
7/2/2025 23:33,,0,1
7/2/2025 23:34,157,200,0
7/2/2025 23:35,266,200,0
7/2/2025 23:36,142,200,0
7/2/2025 23:37,4864,200,1
7/2/2025 23:38,218,200,0
7/2/2025 23:39,250,200,0
7/2/2025 23:40,181,200,0
7/2/2025 23:41,275,200,0
7/2/2025 23:42,156,200,0
7/2/2025 23:43,,504,1
7/2/2025 23:44,102,200,0
7/2/2025 23:45,219,200,0
7/2/2025 23:46,202,200,0
7/2/2025 23:47,155,200,0
7/2/2025 23:48,104,200,0
7/2/2025 23:49,254,200,0
7/2/2025 23:50,145,200,0
7/2/2025 23:51,115,200,0
7/2/2025 23:52,139,200,0
7/2/2025 23:53,178,200,0
7/2/2025 23:54,167,200,0
7/2/2025 23:55,129,200,0
7/2/2025 23:56,124,200,0
7/2/2025 23:57,195,200,0
7/2/2025 23:58,281,200,0
7/2/2025 23:59,288,200,0
7/3/2025 0:00,175,200,0
7/3/2025 0:01,268,200,0
7/3/2025 0:02,195,200,0
7/3/2025 0:03,120,200,0
7/3/2025 0:04,267,200,0
7/3/2025 0:05,169,200,0
7/3/2025 0:06,179,200,0
7/3/2025 0:07,141,200,0
7/3/2025 0:08,129,200,0
7/3/2025 0:09,1808,200,1
7/3/2025 0:10,209,200,0
7/3/2025 0:11,254,200,0
7/3/2025 0:12,198,200,0
7/3/2025 0:13,171,200,0
7/3/2025 0:14,164,200,0
7/3/2025 0:15,266,200,0
7/3/2025 0:16,146,200,0
7/3/2025 0:17,274,200,0
7/3/2025 0:18,186,200,0
7/3/2025 0:19,296,200,0
7/3/2025 0:20,114,200,0
7/3/2025 0:21,227,200,0
7/3/2025 0:22,240,200,0
7/3/2025 0:23,145,200,0
7/3/2025 0:24,227,200,0
7/3/2025 0:25,,504,1
7/3/2025 0:26,293,200,0
7/3/2025 0:27,141,200,0
7/3/2025 0:28,247,200,0
7/3/2025 0:29,273,200,0
7/3/2025 0:30,280,200,0
7/3/2025 0:31,198,200,0
7/3/2025 0:32,154,200,0
7/3/2025 0:33,235,200,0
7/3/2025 0:34,151,200,0
7/3/2025 0:35,206,200,0
7/3/2025 0:36,292,200,0
7/3/2025 0:37,293,200,0
7/3/2025 0:38,179,200,0
7/3/2025 0:39,177,200,0
7/3/2025 0:40,206,200,0
7/3/2025 0:41,224,200,0
7/3/2025 0:42,298,200,0
7/3/2025 0:43,268,200,0
7/3/2025 0:44,246,200,0
7/3/2025 0:45,201,200,0
7/3/2025 0:46,207,200,0
7/3/2025 0:47,163,200,0
7/3/2025 0:48,165,200,0
7/3/2025 0:49,245,200,0
7/3/2025 0:50,255,200,0
7/3/2025 0:51,290,200,0
7/3/2025 0:52,,503,1
7/3/2025 0:53,277,200,0
7/3/2025 0:54,196,200,0
7/3/2025 0:55,224,200,0
7/3/2025 0:56,243,200,0
7/3/2025 0:57,249,200,0
7/3/2025 0:58,150,200,0
7/3/2025 0:59,100,200,0
7/3/2025 1:00,1084,200,1
7/3/2025 1:01,124,200,0
7/3/2025 1:02,142,200,0
7/3/2025 1:03,295,200,0
7/3/2025 1:04,293,200,0
7/3/2025 1:05,120,200,0
7/3/2025 1:06,115,200,0
7/3/2025 1:07,272,200,0
7/3/2025 1:08,270,200,0
7/3/2025 1:09,158,200,0
7/3/2025 1:10,237,200,0
7/3/2025 1:11,195,200,0
7/3/2025 1:12,121,200,0
7/3/2025 1:13,109,200,0
7/3/2025 1:14,208,200,0
7/3/2025 1:15,118,200,0
7/3/2025 1:16,226,200,0
7/3/2025 1:17,194,200,0
7/3/2025 1:18,187,200,0
7/3/2025 1:19,219,200,0
7/3/2025 1:20,182,200,0
7/3/2025 1:21,194,200,0
7/3/2025 1:22,267,200,0
7/3/2025 1:23,203,200,0
7/3/2025 1:24,225,200,0
7/3/2025 1:25,234,200,0
7/3/2025 1:26,127,200,0
7/3/2025 1:27,288,200,0
7/3/2025 1:28,256,200,0
7/3/2025 1:29,143,200,0
7/3/2025 1:30,226,200,0
7/3/2025 1:31,204,200,0
7/3/2025 1:32,242,200,0
7/3/2025 1:33,160,200,0
7/3/2025 1:34,115,200,0
7/3/2025 1:35,191,200,0
7/3/2025 1:36,158,200,0
7/3/2025 1:37,128,200,0
7/3/2025 1:38,238,200,0
7/3/2025 1:39,,0,1
7/3/2025 1:40,262,200,0
7/3/2025 1:41,225,200,0
7/3/2025 1:42,204,200,0
7/3/2025 1:43,105,200,0
7/3/2025 1:44,256,200,0
7/3/2025 1:45,282,200,0
7/3/2025 1:46,162,200,0
7/3/2025 1:47,227,200,0
7/3/2025 1:48,208,200,0
7/3/2025 1:49,215,200,0
7/3/2025 1:50,269,200,0
7/3/2025 1:51,209,200,0
7/3/2025 1:52,175,200,0
7/3/2025 1:53,209,200,0
7/3/2025 1:54,154,200,0
7/3/2025 1:55,196,200,0
7/3/2025 1:56,241,200,0
7/3/2025 1:57,106,200,0
7/3/2025 1:58,259,200,0
7/3/2025 1:59,212,200,0
7/3/2025 2:00,202,200,0
7/3/2025 2:01,172,200,0
7/3/2025 2:02,290,200,0
7/3/2025 2:03,271,200,0
7/3/2025 2:04,102,200,0
7/3/2025 2:05,187,200,0
7/3/2025 2:06,130,200,0
7/3/2025 2:07,104,200,0
7/3/2025 2:08,226,200,0
7/3/2025 2:09,168,200,0
7/3/2025 2:10,162,200,0
7/3/2025 2:11,109,200,0
7/3/2025 2:12,101,200,0
7/3/2025 2:13,190,200,0
7/3/2025 2:14,112,200,0
7/3/2025 2:15,164,200,0
7/3/2025 2:16,193,200,0
7/3/2025 2:17,231,200,0
7/3/2025 2:18,236,200,0
7/3/2025 2:19,297,200,0
7/3/2025 2:20,206,200,0
7/3/2025 2:21,217,200,0
7/3/2025 2:22,221,200,0
7/3/2025 2:23,278,200,0
7/3/2025 2:24,294,200,0
7/3/2025 2:25,208,200,0
7/3/2025 2:26,131,200,0
7/3/2025 2:27,138,200,0
7/3/2025 2:28,149,200,0
7/3/2025 2:29,288,200,0
7/3/2025 2:30,160,200,0
7/3/2025 2:31,109,200,0
7/3/2025 2:32,165,200,0
7/3/2025 2:33,151,200,0
7/3/2025 2:34,210,200,0
7/3/2025 2:35,195,200,0
7/3/2025 2:36,107,200,0
7/3/2025 2:37,113,200,0
7/3/2025 2:38,198,200,0
7/3/2025 2:39,124,200,0
7/3/2025 2:40,205,200,0
7/3/2025 2:41,258,200,0
7/3/2025 2:42,190,200,0
7/3/2025 2:43,260,200,0
7/3/2025 2:44,133,200,0
7/3/2025 2:45,173,200,0
7/3/2025 2:46,241,200,0
7/3/2025 2:47,291,200,0
7/3/2025 2:48,160,200,0
7/3/2025 2:49,108,200,0
7/3/2025 2:50,174,200,0
7/3/2025 2:51,170,200,0
7/3/2025 2:52,134,200,0
7/3/2025 2:53,200,200,0
7/3/2025 2:54,299,200,0
7/3/2025 2:55,271,200,0
7/3/2025 2:56,156,200,0
7/3/2025 2:57,179,200,0
7/3/2025 2:58,198,200,0
7/3/2025 2:59,192,200,0
7/3/2025 3:00,234,200,0
7/3/2025 3:01,131,200,0
7/3/2025 3:02,207,200,0
7/3/2025 3:03,140,200,0
7/3/2025 3:04,224,200,0
7/3/2025 3:05,277,200,0
7/3/2025 3:06,127,200,0
7/3/2025 3:07,235,200,0
7/3/2025 3:08,276,200,0
7/3/2025 3:09,117,200,0
7/3/2025 3:10,256,200,0
7/3/2025 3:11,1286,200,1
7/3/2025 3:12,274,200,0
7/3/2025 3:13,269,200,0
7/3/2025 3:14,284,200,0
7/3/2025 3:15,151,200,0
7/3/2025 3:16,256,200,0
7/3/2025 3:17,262,200,0
7/3/2025 3:18,149,200,0
7/3/2025 3:19,207,200,0
7/3/2025 3:20,183,200,0
7/3/2025 3:21,106,200,0
7/3/2025 3:22,200,200,0
7/3/2025 3:23,232,200,0
7/3/2025 3:24,221,200,0
7/3/2025 3:25,258,200,0
7/3/2025 3:26,259,200,0
7/3/2025 3:27,243,200,0
7/3/2025 3:28,228,200,0
7/3/2025 3:29,141,200,0
7/3/2025 3:30,206,200,0
7/3/2025 3:31,109,200,0
7/3/2025 3:32,194,200,0
7/3/2025 3:33,250,200,0
7/3/2025 3:34,169,200,0
7/3/2025 3:35,245,200,0
7/3/2025 3:36,243,200,0
7/3/2025 3:37,244,200,0
7/3/2025 3:38,155,200,0
7/3/2025 3:39,193,200,0
7/3/2025 3:40,171,200,0
7/3/2025 3:41,250,200,0
7/3/2025 3:42,134,200,0
7/3/2025 3:43,187,200,0
7/3/2025 3:44,290,200,0
7/3/2025 3:45,252,200,0
7/3/2025 3:46,232,200,0
7/3/2025 3:47,296,200,0
7/3/2025 3:48,131,200,0
7/3/2025 3:49,212,200,0
7/3/2025 3:50,4529,200,1
7/3/2025 3:51,129,200,0
7/3/2025 3:52,168,200,0
7/3/2025 3:53,300,200,0
7/3/2025 3:54,144,200,0
7/3/2025 3:55,224,200,0
7/3/2025 3:56,258,200,0
7/3/2025 3:57,197,200,0
7/3/2025 3:58,225,200,0
7/3/2025 3:59,241,200,0
7/3/2025 4:00,166,200,0
7/3/2025 4:01,269,200,0
7/3/2025 4:02,296,200,0
7/3/2025 4:03,192,200,0
7/3/2025 4:04,2152,200,1
7/3/2025 4:05,156,200,0
7/3/2025 4:06,232,200,0
7/3/2025 4:07,261,200,0
7/3/2025 4:08,156,200,0
7/3/2025 4:09,154,200,0
7/3/2025 4:10,120,200,0
7/3/2025 4:11,268,200,0
7/3/2025 4:12,,504,1
7/3/2025 4:13,195,200,0
7/3/2025 4:14,176,200,0
7/3/2025 4:15,235,200,0
7/3/2025 4:16,239,200,0
7/3/2025 4:17,214,200,0
7/3/2025 4:18,,503,1
7/3/2025 4:19,280,200,0
7/3/2025 4:20,187,200,0
7/3/2025 4:21,109,200,0
7/3/2025 4:22,229,200,0
7/3/2025 4:23,232,200,0
7/3/2025 4:24,287,200,0
7/3/2025 4:25,261,200,0
7/3/2025 4:26,210,200,0
7/3/2025 4:27,232,200,0
7/3/2025 4:28,271,200,0
7/3/2025 4:29,269,200,0
7/3/2025 4:30,182,200,0
7/3/2025 4:31,283,200,0
7/3/2025 4:32,127,200,0
7/3/2025 4:33,184,200,0
7/3/2025 4:34,131,200,0
7/3/2025 4:35,264,200,0
7/3/2025 4:36,159,200,0
7/3/2025 4:37,265,200,0
7/3/2025 4:38,143,200,0
7/3/2025 4:39,158,200,0
7/3/2025 4:40,111,200,0
7/3/2025 4:41,259,200,0
7/3/2025 4:42,199,200,0
7/3/2025 4:43,276,200,0
7/3/2025 4:44,120,200,0
7/3/2025 4:45,217,200,0
7/3/2025 4:46,193,200,0
7/3/2025 4:47,207,200,0
7/3/2025 4:48,241,200,0
7/3/2025 4:49,292,200,0
7/3/2025 4:50,275,200,0
7/3/2025 4:51,124,200,0
7/3/2025 4:52,124,200,0
7/3/2025 4:53,274,200,0
7/3/2025 4:54,203,200,0
7/3/2025 4:55,210,200,0
7/3/2025 4:56,234,200,0
7/3/2025 4:57,3371,200,1
7/3/2025 4:58,139,200,0
7/3/2025 4:59,243,200,0
7/3/2025 5:00,203,200,0
7/3/2025 5:01,146,200,0
7/3/2025 5:02,289,200,0
7/3/2025 5:03,101,200,0
7/3/2025 5:04,291,200,0
7/3/2025 5:05,148,200,0
7/3/2025 5:06,260,200,0
7/3/2025 5:07,269,200,0
7/3/2025 5:08,292,200,0
7/3/2025 5:09,134,200,0
7/3/2025 5:10,216,200,0
7/3/2025 5:11,176,200,0
7/3/2025 5:12,211,200,0
7/3/2025 5:13,225,200,0
7/3/2025 5:14,271,200,0
7/3/2025 5:15,266,200,0
7/3/2025 5:16,300,200,0
7/3/2025 5:17,256,200,0
7/3/2025 5:18,173,200,0
7/3/2025 5:19,217,200,0
7/3/2025 5:20,291,200,0
7/3/2025 5:21,219,200,0
7/3/2025 5:22,199,200,0
7/3/2025 5:23,248,200,0
7/3/2025 5:24,134,200,0
7/3/2025 5:25,275,200,0
7/3/2025 5:26,296,200,0
7/3/2025 5:27,274,200,0
7/3/2025 5:28,282,200,0
7/3/2025 5:29,201,200,0
7/3/2025 5:30,187,200,0
7/3/2025 5:31,285,200,0
7/3/2025 5:32,276,200,0
7/3/2025 5:33,155,200,0
7/3/2025 5:34,215,200,0
7/3/2025 5:35,291,200,0
7/3/2025 5:36,128,200,0
7/3/2025 5:37,138,200,0
7/3/2025 5:38,256,200,0
7/3/2025 5:39,153,200,0
7/3/2025 5:40,123,200,0
7/3/2025 5:41,101,200,0
7/3/2025 5:42,260,200,0
7/3/2025 5:43,102,200,0
7/3/2025 5:44,155,200,0
7/3/2025 5:45,260,200,0
7/3/2025 5:46,197,200,0
7/3/2025 5:47,214,200,0
7/3/2025 5:48,190,200,0
7/3/2025 5:49,191,200,0
7/3/2025 5:50,150,200,0
7/3/2025 5:51,230,200,0
7/3/2025 5:52,133,200,0
7/3/2025 5:53,255,200,0
7/3/2025 5:54,207,200,0
7/3/2025 5:55,200,200,0
7/3/2025 5:56,108,200,0
7/3/2025 5:57,114,200,0
7/3/2025 5:58,120,200,0
7/3/2025 5:59,2540,200,1
7/3/2025 6:00,123,200,0
7/3/2025 6:01,229,200,0
7/3/2025 6:02,,504,1
7/3/2025 6:03,193,200,0
7/3/2025 6:04,103,200,0
7/3/2025 6:05,271,200,0
7/3/2025 6:06,136,200,0
7/3/2025 6:07,158,200,0
7/3/2025 6:08,,503,1
7/3/2025 6:09,133,200,0
7/3/2025 6:10,164,200,0
7/3/2025 6:11,201,200,0
7/3/2025 6:12,264,200,0
7/3/2025 6:13,208,200,0
7/3/2025 6:14,106,200,0
7/3/2025 6:15,105,200,0
7/3/2025 6:16,164,200,0
7/3/2025 6:17,245,200,0
7/3/2025 6:18,152,200,0
7/3/2025 6:19,205,200,0
7/3/2025 6:20,163,200,0
7/3/2025 6:21,201,200,0
7/3/2025 6:22,208,200,0
7/3/2025 6:23,200,200,0
7/3/2025 6:24,242,200,0
7/3/2025 6:25,197,200,0
7/3/2025 6:26,271,200,0
7/3/2025 6:27,166,200,0
7/3/2025 6:28,261,200,0
7/3/2025 6:29,213,200,0
7/3/2025 6:30,208,200,0
7/3/2025 6:31,142,200,0
7/3/2025 6:32,247,200,0
7/3/2025 6:33,298,200,0
7/3/2025 6:34,169,200,0
7/3/2025 6:35,253,200,0
7/3/2025 6:36,299,200,0
7/3/2025 6:37,110,200,0
7/3/2025 6:38,180,200,0
7/3/2025 6:39,181,200,0
7/3/2025 6:40,160,200,0
7/3/2025 6:41,268,200,0
7/3/2025 6:42,127,200,0
7/3/2025 6:43,118,200,0
7/3/2025 6:44,144,200,0
7/3/2025 6:45,124,200,0
7/3/2025 6:46,293,200,0
7/3/2025 6:47,252,200,0
7/3/2025 6:48,140,200,0
7/3/2025 6:49,131,200,0
7/3/2025 6:50,250,200,0
7/3/2025 6:51,205,200,0
7/3/2025 6:52,244,200,0
7/3/2025 6:53,257,200,0
7/3/2025 6:54,248,200,0
7/3/2025 6:55,284,200,0
7/3/2025 6:56,223,200,0
7/3/2025 6:57,208,200,0
7/3/2025 6:58,280,200,0
7/3/2025 6:59,178,200,0
7/3/2025 7:00,200,200,0
7/3/2025 7:01,298,200,0
7/3/2025 7:02,122,200,0
7/3/2025 7:03,,0,1
7/3/2025 7:04,111,200,0
7/3/2025 7:05,275,200,0
7/3/2025 7:06,151,200,0
7/3/2025 7:07,102,200,0
7/3/2025 7:08,131,200,0
7/3/2025 7:09,205,200,0
7/3/2025 7:10,246,200,0
7/3/2025 7:11,222,200,0
7/3/2025 7:12,208,200,0
7/3/2025 7:13,199,200,0
7/3/2025 7:14,169,200,0
7/3/2025 7:15,254,200,0
7/3/2025 7:16,3381,200,1
7/3/2025 7:17,139,200,0
7/3/2025 7:18,267,200,0
7/3/2025 7:19,266,200,0
7/3/2025 7:20,179,200,0
7/3/2025 7:21,265,200,0
7/3/2025 7:22,193,200,0
7/3/2025 7:23,106,200,0
7/3/2025 7:24,104,200,0
7/3/2025 7:25,210,200,0
7/3/2025 7:26,144,200,0
7/3/2025 7:27,167,200,0
7/3/2025 7:28,245,200,0
7/3/2025 7:29,217,200,0
7/3/2025 7:30,186,200,0
7/3/2025 7:31,256,200,0
7/3/2025 7:32,198,200,0
7/3/2025 7:33,150,200,0
7/3/2025 7:34,284,200,0
7/3/2025 7:35,203,200,0
7/3/2025 7:36,,0,1
7/3/2025 7:37,163,200,0
7/3/2025 7:38,263,200,0
7/3/2025 7:39,196,200,0
7/3/2025 7:40,159,200,0
7/3/2025 7:41,182,200,0
7/3/2025 7:42,220,200,0
7/3/2025 7:43,256,200,0
7/3/2025 7:44,234,200,0
7/3/2025 7:45,104,200,0
7/3/2025 7:46,294,200,0
7/3/2025 7:47,193,200,0
7/3/2025 7:48,294,200,0
7/3/2025 7:49,259,200,0
7/3/2025 7:50,183,200,0
7/3/2025 7:51,297,200,0
7/3/2025 7:52,249,200,0
7/3/2025 7:53,221,200,0
7/3/2025 7:54,197,200,0
7/3/2025 7:55,175,200,0
7/3/2025 7:56,290,200,0
7/3/2025 7:57,220,200,0
7/3/2025 7:58,260,200,0
7/3/2025 7:59,250,200,0
7/3/2025 8:00,196,200,0
7/3/2025 8:01,187,200,0
7/3/2025 8:02,226,200,0
7/3/2025 8:03,162,200,0
7/3/2025 8:04,133,200,0
7/3/2025 8:05,186,200,0
7/3/2025 8:06,279,200,0
7/3/2025 8:07,300,200,0
7/3/2025 8:08,238,200,0
7/3/2025 8:09,242,200,0
